{"admin_columns":"codepress-admin-columns","ak_params":"akeebabackupwp","ak_profiles":"akeebabackupwp","ak_stats":"akeebabackupwp","ak_storage":"akeebabackupwp","ak_users":"akeebabackupwp","akeeba_common":"akeebabackupwp","blog_versions":"wordpress-deprecated","bp_activity":"buddypress","bp_activity_meta":"buddypress","bp_friends":"buddypress","bp_groups":"buddypress","bp_groups_members":"buddypress","bp_groups_groupmeta":"buddypress","bp_messages_messages":"buddypress","bp_messages_recipients":"buddypress","bp_messages_notices":"buddypress","bp_messages_meta":"buddypress","bp_invitations":"buddypress","bp_notifications":"buddypress","bp_notifications_meta":"buddypress","bp_xprofile_data":"buddypress","bp_xprofile_fields":"buddypress","bp_xprofile_groups":"buddypress","bp_xprofile_meta":"buddypress","bp_user_blogs":"buddypress","bp_user_blogs_blogmeta":"buddypress","supsystic_tbl_columns":"data-tables-generator-by-supsystic","supsystic_tbl_diagrams":"data-tables-generator-by-supsystic","supsystic_tbl_rows":"data-tables-generator-by-supsystic","supsystic_tbl_tables":"data-tables-generator-by-supsystic","frm_fields":"formidable","frm_forms":"formidable","frm_item_metas":"formidable","frm_items":"formidable","gf_addon_feed":"gravityforms","gf_addon_payment_transaction":"gravityforms","gf_draft_submissions":"gravityforms","gf_entry":"gravityforms","gf_entry_meta":"gravityforms","gf_entry_notes":"gravityforms","gf_form":"gravityforms","gf_form_meta":"gravityforms","gf_form_revisions":"gravityforms","gf_form_view":"gravityforms","es_emaillist":"email-subscribers","es_lists":"email-subscribers","es_notification":"email-subscribers","es_deliverreport":"email-subscribers","es_sentdetails":"email-subscribers","es_templates":"email-subscribers","es_advanced_form":"email-subscribers","ig_campaigns":"email-subscribers","ig_workflows":"email-subscribers","ig_contacts":"email-subscribers","ig_contacts_ips":"email-subscribers","ig_forms":"email-subscribers","ig_lists":"email-subscribers","ig_lists_contacts":"email-subscribers","ig_mailing_queue":"email-subscribers","ig_sending_queue":"email-subscribers","ig_blocked_emails":"email-subscribers","ig_actions":"email-subscribers","ig_links":"email-subscribers","ig_contactmeta":"email-subscribers","ig_queue":"email-subscribers","es_subscriber_ips":"email-subscribers","ig_contact_meta":"email-subscribers","ig_workflows_queue":"email-subscribers","wp_pro_quiz_category":"learndash","wp_pro_quiz_form":"learndash","wp_pro_quiz_lock":"learndash","wp_pro_quiz_master":"learndash","wp_pro_quiz_prerequisite":"learndash","wp_pro_quiz_question":"learndash","wp_pro_quiz_statistic":"learndash","wp_pro_quiz_statistic_ref":"learndash","wp_pro_quiz_template":"learndash","wp_pro_quiz_toplist":"learndash","learndash_user_activity":"learndash","learndash_user_activity_meta":"learndash","lifterlms_api_keys":"lifterlms","lifterlms_events":"lifterlms","lifterlms_notifications":"lifterlms","lifterlms_product_to_voucher":"lifterlms","lifterlms_quiz_attempts":"lifterlms","lifterlms_sessions":"lifterlms","lifterlms_user_postmeta":"lifterlms","lifterlms_voucher_code_redemptions":"lifterlms","lifterlms_vouchers_codes":"lifterlms","lifterlms_webhooks":"lifterlms","ngg_album":"nextgen-gallery","ngg_gallery":"nextgen-gallery","ngg_pictures":"nextgen-gallery","newsletter":"newsletter","newsletter_emails":"newsletter","newsletter_sent":"newsletter","newsletter_stats":"newsletter","newsletter_user_logs":"newsletter","nf3_action_meta":"ninja-forms","nf3_actions":"ninja-forms","nf3_chunks":"ninja-forms","nf3_field_meta":"ninja-forms","nf3_fields":"ninja-forms","nf3_form_meta":"ninja-forms","nf3_forms":"ninja-forms","nf3_object_meta":"ninja-forms","nf3_objects":"ninja-forms","nf3_relationships":"ninja-forms","nf3_upgrades":"ninja-forms","pmpro_discount_codes":"paid-memberships-pro","pmpro_discount_codes_levels":"paid-memberships-pro","pmpro_discount_codes_uses":"paid-memberships-pro","pmpro_membership_levelmeta":"paid-memberships-pro","pmpro_membership_levels":"paid-memberships-pro","pmpro_membership_orders":"paid-memberships-pro","pmpro_memberships_categories":"paid-memberships-pro","pmpro_memberships_pages":"paid-memberships-pro","pmpro_memberships_users":"paid-memberships-pro","rm_fields":"registration-magic","rm_forms":"registration-magic","rm_front_users":"registration-magic","rm_login":"registration-magic","rm_login_log":"registration-magic","rm_notes":"registration-magic","rm_paypal_fields":"registration-magic","rm_paypal_logs":"registration-magic","rm_rules":"registration-magic","rm_sent_mails":"registration-magic","rm_sessions":"registration-magic","rm_stats":"registration-magic","rm_submission_fields":"registration-magic","rm_submissions":"registration-magic","rm_task_exe_log":"registration-magic","rm_tasks":"registration-magic","stream":"stream","stream_meta":"stream","icl_content_status":"sitepress-multilingual-cms","icl_core_status":"sitepress-multilingual-cms","icl_flags":"sitepress-multilingual-cms","icl_languages":"sitepress-multilingual-cms","icl_languages_translations":"sitepress-multilingual-cms","icl_locale_map":"sitepress-multilingual-cms","icl_message_status":"sitepress-multilingual-cms","icl_node":"sitepress-multilingual-cms","icl_reminders":"sitepress-multilingual-cms","icl_string_packages":"sitepress-multilingual-cms","icl_string_positions":"sitepress-multilingual-cms","icl_string_status":"sitepress-multilingual-cms","icl_string_translations":"sitepress-multilingual-cms","icl_strings":"sitepress-multilingual-cms","icl_translate":"sitepress-multilingual-cms","icl_translate_job":"sitepress-multilingual-cms","icl_translation_batches":"sitepress-multilingual-cms","icl_translation_status":"sitepress-multilingual-cms","icl_translations":"sitepress-multilingual-cms","tinvwl_analytics":"ti-woocommerce-wishlist","tinvwl_items":"ti-woocommerce-wishlist","tinvwl_lists":"ti-woocommerce-wishlist","um_metadata":"ultimate-member","actionscheduler_actions":"woocommerce","actionscheduler_claims":"woocommerce","actionscheduler_groups":"woocommerce","actionscheduler_logs":"woocommerce","wc_admin_note_actions":"woocommerce","wc_admin_notes":"woocommerce","wc_category_lookup":"woocommerce","wc_customer_lookup":"woocommerce","wc_download_log":"woocommerce","wc_order_coupon_lookup":"woocommerce","wc_order_product_lookup":"woocommerce","wc_order_stats":"woocommerce","wc_order_tax_lookup":"woocommerce","wc_product_meta_lookup":"woocommerce","wc_tax_rate_classes":"woocommerce","wc_webhooks":"woocommerce","woocommerce_api_keys":"woocommerce","woocommerce_attribute_taxonomies":"woocommerce","woocommerce_downloadable_product_permissions":"woocommerce","woocommerce_log":"woocommerce","woocommerce_order_items":"woocommerce","woocommerce_order_itemmeta":"woocommerce","woocommerce_payment_tokens":"woocommerce","woocommerce_payment_tokenmeta":"woocommerce","woocommerce_sessions":"woocommerce","woocommerce_shipping_zone_locations":"woocommerce","woocommerce_shipping_zone_methods":"woocommerce","woocommerce_shipping_zones":"woocommerce","woocommerce_tax_rate_locations":"woocommerce","woocommerce_tax_rates":"woocommerce","wc_reserved_stock":"woo-gutenberg-products-block","wfblockediplog":"wordfence","wfblocks7":"wordfence","wfconfig":"wordfence","wfcrawlers":"wordfence","wffilechanges":"wordfence","wffilemods":"wordfence","wfhits":"wordfence","wfhoover":"wordfence","wfissues":"wordfence","wfknownfilelist":"wordfence","wflivetraffichuman":"wordfence","wflocs":"wordfence","wflogins":"wordfence","wfls_2fa_secrets":"wordfence","wfls_settings":"wordfence","wfnotifications":"wordfence","wfpendingissues":"wordfence","wfreversecache":"wordfence","wfsnipcache":"wordfence","wfstatus":"wordfence","wftrafficrates":"wordfence","wpforms_tasks_meta":"wpforms-lite","wpforo_accesses":"wpforo","wpforo_activity":"wpforo","wpforo_forums":"wpforo","wpforo_languages":"wpforo","wpforo_likes":"wpforo","wpforo_phrases":"wpforo","wpforo_post_revisions":"wpforo","wpforo_posts":"wpforo","wpforo_profiles":"wpforo","wpforo_subscribes":"wpforo","wpforo_tags":"wpforo","wpforo_topics":"wpforo","wpforo_usergroups":"wpforo","wpforo_views":"wpforo","wpforo_visits":"wpforo","wpforo_votes":"wpforo","wpgb_cards":"wp-grid-builder","wpgb_facets":"wp-grid-builder","wpgb_grids":"wp-grid-builder","wpgb_index":"wp-grid-builder","wpjb_alert":"wpjobboard","wpjb_application":"wpjobboard","wpjb_company":"wpjobboard","wpjb_discount":"wpjobboard","wpjb_import":"wpjobboard","wpjb_job":"wpjobboard","wpjb_job_search":"wpjobboard","wpjb_mail":"wpjobboard","wpjb_membership":"wpjobboard","wpjb_meta":"wpjobboard","wpjb_meta_value":"wpjobboard","wpjb_payment":"wpjobboard","wpjb_pricing":"wpjobboard","wpjb_resume":"wpjobboard","wpjb_resume_detail":"wpjobboard","wpjb_resume_search":"wpjobboard","wpjb_shortlist":"wpjobboard","wpjb_tag":"wpjobboard","wpjb_tagged":"wpjobboard","icl_translation_downloads":"wpml-translation-management","yoast_indexable":"wordpress-seo","yoast_indexable_hierarchy":"wordpress-seo","yoast_migrations":"wordpress-seo","yoast_primary_term":"wordpress-seo","yoast_seo_links":"wordpress-seo","yoast_seo_meta":"wordpress-seo"}