{"akeebabackupwp":{"file":"akeebabackupwp\/akeebabackupwp.php","name":"Akeeba Backup for WordPress"},"buddypress":{"file":"buddypress\/bp-loader.php","name":"BuddyPress"},"codepress-admin-columns":{"file":"codepress-admin-columns\/codepress-admin-columns.php","name":"Admin Columns"},"data-tables-generator-by-supsystic":{"file":"data-tables-generator-by-supsystic\/index.php","name":"Data Tables Generator by Supsystic"},"email-subscribers":{"file":"email-subscribers\/email-subscribers.php","name":"Email Subscribers and Newsletters"},"formidable":{"file":"formidable\/formidable.php","name":"Formidable Forms"},"gravityforms":{"file":"gravityforms\/gravityforms.php","name":"Gravity Forms"},"learndash":{"file":"sfwd-lms\/sfwd_lms.php","name":"LearnDash LMS"},"lifterlms":{"file":"lifterlms\/lifterlms.php","name":"LifterLMS"},"nextgen-gallery":{"file":"nextgen-gallery\/nggallery.php","name":"NextGEN Gallery"},"newsletter":{"file":"newsletter\/plugin.php","name":"Newsletter"},"ninja-forms":{"file":"ninja-forms\/ninja-forms.php","name":"Ninja Forms"},"paid-memberships-pro":{"file":"paid-memberships-pro\/paid-memberships-pro.php","name":"Paid Memberships Pro"},"registration-magic":{"file":"custom-registration-form-builder-with-submission-manager\/registration_magic.php","name":"RegistrationMagic"},"sitepress-multilingual-cms":{"file":"sitepress-multilingual-cms\/sitepress.php","name":"WPML Multilingual CMS"},"stream":{"file":"stream\/stream.php","name":"Stream"},"ti-woocommerce-wishlist":{"file":"ti-woocommerce-wishlist\/ti-woocommerce-wishlist.php","name":"TI WooCommerce Wishlist"},"ultimate-member":{"file":"ultimate-member\/ultimate-member.php","name":"Ultimate Member"},"woocommerce":{"file":"woocommerce\/woocommerce.php","name":"WooCommerce"},"woo-gutenberg-products-block":{"file":"woo-gutenberg-products-block\/woocommerce-gutenberg-products-block.php","name":"WooCommerce Blocks"},"wordfence":{"file":"wordfence\/wordfence.php","name":"Wordfence Security"},"wordpress-deprecated":{"file":"no","name":"WordPress (deprecated)"},"wordpress-seo":{"file":"wordpress-seo\/wp-seo.php","name":"Yoast SEO"},"wpforms-lite":{"file":"wpforms-lite\/wpforms.php","name":"WPForms Lite"},"wpforo":{"file":"wpforo\/wpforo.php","name":"wpForo"},"wp-grid-builder":{"file":"wp-grid-builder\/wp-grid-builder.php","name":"WP Grid Builder"},"wpjobboard":{"file":"wpjobboard\/index.php","name":"WPJobBoard"},"wpml-translation-management":{"file":"wpml-translation-management\/plugin.php","name":"WPML Translation Management"}}